aliquot_id	analysis_full_uri	analysis_id	dcc_project_code	dcc_specimen_type	file_count	file_ext	file_md5sum	file_name	gnos_server	last_modified	published_date	refassem_short_name	study	submitter_donor_id	submitter_sample_id	submitter_specimen_id	workflow_name	workflow_version
3af60b03-66c3-48a1-a42b-1e05fdb529c4	https://cghub.ucsc.edu/cghub/metadata/analysisFull/910c8b49-4245-42ec-9ad3-6e9d079d1909	910c8b49-4245-42ec-9ad3-6e9d079d1909	BRCA-US	Primary tumour - solid tissue	1	bam	1cf8557fa65ab19bcc42f44a589d2f84	PCAWG.3d52f17e-52ec-4f9f-adf7-80bc5c4f9cdd.STAR.v1.bam	cghub	2015-04-18T23:12:28Z	2015-02-14T13:29:54Z	GRCh37	PCAWG 2.0	8785012f-f73e-4d68-87cf-1d804af32782	3af60b03-66c3-48a1-a42b-1e05fdb529c4	79fc9ed3-4e96-4c0e-869e-1756cbdabb39	RNA-Seq_Alignment_SOP_STAR	v1
3af60b03-66c3-48a1-a42b-1e05fdb529c4	https://cghub.ucsc.edu/cghub/metadata/analysisFull/3d40ae3e-c664-4370-95d8-780e760d6d08	3d40ae3e-c664-4370-95d8-780e760d6d08	BRCA-US	Primary tumour - solid tissue	1	bam	d9a7b44b12b7f1bfb69516cfad2e23df	PCAWG.3d52f17e-52ec-4f9f-adf7-80bc5c4f9cdd.TopHat2.v1.bam	cghub	2015-04-18T23:00:31Z	2015-02-16T23:41:01Z	GRCh37	PCAWG 2.0	8785012f-f73e-4d68-87cf-1d804af32782	3af60b03-66c3-48a1-a42b-1e05fdb529c4	79fc9ed3-4e96-4c0e-869e-1756cbdabb39	Workflow_Bundle_TOPHAT2	0.1
f9c8fe0e-124c-4099-b1bc-64f856deafeb	https://cghub.ucsc.edu/cghub/metadata/analysisFull/502b5722-54a8-4432-b910-f358758db81d	502b5722-54a8-4432-b910-f358758db81d	COAD-US	Primary tumour - solid tissue	1	bam	f004b2790c18d1fe78ea4bcf7e4233c3	PCAWG.51871b9c-cedb-4ef5-943e-123d1dc76d4c.TopHat2.v1.bam	cghub	2015-04-18T23:03:20Z	2015-02-18T11:36:17Z	GRCh37	PCAWG 2.0	b54865b6-824e-4163-b759-21a6eacc98ce	f9c8fe0e-124c-4099-b1bc-64f856deafeb	f1b2ca40-f20a-42de-aba2-4f730d7ccc09	Workflow_Bundle_TOPHAT2	0.1
f9c8fe0e-124c-4099-b1bc-64f856deafeb	https://cghub.ucsc.edu/cghub/metadata/analysisFull/41a4c154-3a6b-4889-a99b-4b18e102c2ed	41a4c154-3a6b-4889-a99b-4b18e102c2ed	COAD-US	Primary tumour - solid tissue	1	bam	f99a85777954c59064da4bd73d920232	PCAWG.51871b9c-cedb-4ef5-943e-123d1dc76d4c.STAR.v1.bam	cghub	2015-04-18T23:01:14Z	2015-02-15T01:27:35Z	GRCh37	PCAWG 2.0	b54865b6-824e-4163-b759-21a6eacc98ce	f9c8fe0e-124c-4099-b1bc-64f856deafeb	f1b2ca40-f20a-42de-aba2-4f730d7ccc09	RNA-Seq_Alignment_SOP_STAR	v1
9a6962a2-0a32-44d5-a2bf-c28c5f1a9cd0	https://cghub.ucsc.edu/cghub/metadata/analysisFull/d6511b1a-ce19-4eff-ab14-fa3b068bd84b	d6511b1a-ce19-4eff-ab14-fa3b068bd84b	LUAD-US	Primary tumour - solid tissue	1	bam	52d80af06163e63e54c4b23c37a8e28b	PCAWG.97e51394-5482-4225-80d3-5f6e1fbc0c60.STAR.v1.bam	cghub	2015-04-18T23:21:53Z	2015-02-14T13:35:42Z	GRCh37	PCAWG 2.0	fb79c491-7b01-42ae-8369-8364e442e31b	9a6962a2-0a32-44d5-a2bf-c28c5f1a9cd0	a0863fa6-515c-44fa-825f-f9e243f945f1	RNA-Seq_Alignment_SOP_STAR	v1
9a6962a2-0a32-44d5-a2bf-c28c5f1a9cd0	https://cghub.ucsc.edu/cghub/metadata/analysisFull/3ac8f45e-4da8-4545-a2dd-2d682c6503af	3ac8f45e-4da8-4545-a2dd-2d682c6503af	LUAD-US	Primary tumour - solid tissue	1	bam	6e1846a55e5be50662e7f2fd7dbca858	PCAWG.97e51394-5482-4225-80d3-5f6e1fbc0c60.TopHat2.v1.bam	cghub	2015-04-18T22:59:57Z	2015-02-17T02:10:44Z	GRCh37	PCAWG 2.0	fb79c491-7b01-42ae-8369-8364e442e31b	9a6962a2-0a32-44d5-a2bf-c28c5f1a9cd0	a0863fa6-515c-44fa-825f-f9e243f945f1	Workflow_Bundle_TOPHAT2	0.1
bfad522f-6130-424d-8497-99cac9714966	https://cghub.ucsc.edu/cghub/metadata/analysisFull/f05a0ddc-baed-4905-a9c5-5cd908de421b	f05a0ddc-baed-4905-a9c5-5cd908de421b	LUAD-US	Primary tumour - solid tissue	1	bam	b3c093ac0d46b34ea1d9e31a98c52441	PCAWG.0ae8ba97-711f-4a29-baf8-c173f52659f2.TopHat2.v1.bam	cghub	2015-04-18T23:25:10Z	2015-03-17T14:44:48Z	GRCh37	PCAWG 2.0	e16ca88f-488b-40f0-9169-e5a62482a2ff	bfad522f-6130-424d-8497-99cac9714966	27a64f32-69c5-4c49-86b4-c8fc923cae08	Workflow_Bundle_TOPHAT2	0.1
bfad522f-6130-424d-8497-99cac9714966	https://cghub.ucsc.edu/cghub/metadata/analysisFull/42d30a4e-e71e-4d0f-89c8-6053c8ba4066	42d30a4e-e71e-4d0f-89c8-6053c8ba4066	LUAD-US	Primary tumour - solid tissue	1	bam	bed437443a55f2d0fe60236a27c830d7	PCAWG.0ae8ba97-711f-4a29-baf8-c173f52659f2.STAR.v1.bam	cghub	2015-04-18T23:01:18Z	2015-03-16T23:12:24Z	GRCh37	PCAWG 2.0	e16ca88f-488b-40f0-9169-e5a62482a2ff	bfad522f-6130-424d-8497-99cac9714966	27a64f32-69c5-4c49-86b4-c8fc923cae08	RNA-Seq_Alignment_SOP_STAR	v1
06fd33a6-36c7-4adf-bd24-cae5fa860c85	https://gtrepo-ebi.annailabs.com/cghub/metadata/analysisFull/4d043108-c803-4ca8-99b8-a00eb307f458	4d043108-c803-4ca8-99b8-a00eb307f458	OV-AU	Metastatic tumour - metastasis to distant location	1	bam	88faa3be87ac2a601f459ef0ae5d564e	PCAWG.14a0e10e-fb5b-11e4-be1c-aa5fbb065116.TopHat2.v1.bam	ebi	2016-06-09T21:41:47Z	2015-08-13T23:05:01Z	GRCh37	icgc_pancancer	AOCS-139	AOCS-139-26-6MD	AOCS-139-4	Workflow_Bundle_TOPHAT2	0.1
06fd33a6-36c7-4adf-bd24-cae5fa860c85	https://gtrepo-osdc-icgc.annailabs.com/cghub/metadata/analysisFull/4d043108-c803-4ca8-99b8-a00eb307f458	4d043108-c803-4ca8-99b8-a00eb307f458	OV-AU	Metastatic tumour - metastasis to distant location	1	bam	88faa3be87ac2a601f459ef0ae5d564e	PCAWG.14a0e10e-fb5b-11e4-be1c-aa5fbb065116.TopHat2.v1.bam	osdc-icgc	2016-06-09T23:12:56Z	2015-07-29T05:40:22Z	GRCh37	icgc_pancancer	AOCS-139	AOCS-139-26-6MD	AOCS-139-4	Workflow_Bundle_TOPHAT2	0.1
06fd33a6-36c7-4adf-bd24-cae5fa860c85	https://gtrepo-ebi.annailabs.com/cghub/metadata/analysisFull/70917474-f6c1-4ece-9c52-69d609436a98	70917474-f6c1-4ece-9c52-69d609436a98	OV-AU	Metastatic tumour - metastasis to distant location	1	bam	939c2453d8d8a2d165ae27cf8fcb2058	PCAWG.14a8ac7c-fb5b-11e4-b5c9-a73ef9f2fa35.TopHat2.v1.bam	ebi	2016-06-09T21:41:45Z	2015-08-18T12:17:02Z	GRCh37	icgc_pancancer	AOCS-139	AOCS-139-26-6MD	AOCS-139-4	Workflow_Bundle_TOPHAT2	0.1
06fd33a6-36c7-4adf-bd24-cae5fa860c85	https://gtrepo-osdc-icgc.annailabs.com/cghub/metadata/analysisFull/70917474-f6c1-4ece-9c52-69d609436a98	70917474-f6c1-4ece-9c52-69d609436a98	OV-AU	Metastatic tumour - metastasis to distant location	1	bam	939c2453d8d8a2d165ae27cf8fcb2058	PCAWG.14a8ac7c-fb5b-11e4-b5c9-a73ef9f2fa35.TopHat2.v1.bam	osdc-icgc	2016-06-09T23:12:56Z	2015-07-29T05:41:25Z	GRCh37	icgc_pancancer	AOCS-139	AOCS-139-26-6MD	AOCS-139-4	Workflow_Bundle_TOPHAT2	0.1
06fd33a6-36c7-4adf-bd24-cae5fa860c85	https://gtrepo-ebi.annailabs.com/cghub/metadata/analysisFull/a1b9ee55-bfb0-44ec-b5a5-38dea42722ca	a1b9ee55-bfb0-44ec-b5a5-38dea42722ca	OV-AU	Metastatic tumour - metastasis to distant location	1	bam	a41c04c921ea894c7795914fac723940	PCAWG.14ab6b92-fb5b-11e4-a7d4-b5dfae3707ff.STAR.v1.bam	ebi	2016-06-09T21:41:45Z	2015-09-12T04:28:03Z	GRCh37	icgc_pancancer	AOCS-139	AOCS-139-26-6MD	AOCS-139-4	RNA-Seq_Alignment_SOP_STAR	v1
06fd33a6-36c7-4adf-bd24-cae5fa860c85	https://gtrepo-ebi.annailabs.com/cghub/metadata/analysisFull/19367163-605d-4a71-8c5e-a0f23758158f	19367163-605d-4a71-8c5e-a0f23758158f	OV-AU	Metastatic tumour - metastasis to distant location	1	bam	b61970589b3655c4a1e0882c2e3b75b4	PCAWG.14a7747e-fb5b-11e4-9afb-8f474ede6325.STAR.v1.bam	ebi	2016-06-09T21:41:45Z	2015-09-12T02:32:01Z	GRCh37	icgc_pancancer	AOCS-139	AOCS-139-26-6MD	AOCS-139-4	RNA-Seq_Alignment_SOP_STAR	v1
06fd33a6-36c7-4adf-bd24-cae5fa860c85	https://gtrepo-ebi.annailabs.com/cghub/metadata/analysisFull/be47034e-0845-42fb-9e5c-052d430f7b1e	be47034e-0845-42fb-9e5c-052d430f7b1e	OV-AU	Metastatic tumour - metastasis to distant location	1	bam	c8d9475e37c7cb6f993309d50c1a010d	PCAWG.14a7747e-fb5b-11e4-9afb-8f474ede6325.TopHat2.v1.bam	ebi	2016-06-09T21:41:45Z	2015-08-13T10:01:02Z	GRCh37	icgc_pancancer	AOCS-139	AOCS-139-26-6MD	AOCS-139-4	Workflow_Bundle_TOPHAT2	0.1
06fd33a6-36c7-4adf-bd24-cae5fa860c85	https://gtrepo-osdc-icgc.annailabs.com/cghub/metadata/analysisFull/be47034e-0845-42fb-9e5c-052d430f7b1e	be47034e-0845-42fb-9e5c-052d430f7b1e	OV-AU	Metastatic tumour - metastasis to distant location	1	bam	c8d9475e37c7cb6f993309d50c1a010d	PCAWG.14a7747e-fb5b-11e4-9afb-8f474ede6325.TopHat2.v1.bam	osdc-icgc	2016-06-09T23:12:59Z	2015-07-29T18:01:32Z	GRCh37	icgc_pancancer	AOCS-139	AOCS-139-26-6MD	AOCS-139-4	Workflow_Bundle_TOPHAT2	0.1
06fd33a6-36c7-4adf-bd24-cae5fa860c85	https://gtrepo-ebi.annailabs.com/cghub/metadata/analysisFull/cad1a741-3069-4fd5-ad8b-95a49c30f0db	cad1a741-3069-4fd5-ad8b-95a49c30f0db	OV-AU	Metastatic tumour - metastasis to distant location	1	bam	ca4464bd778f96b6ee09200155ba44e5	PCAWG.14a0e10e-fb5b-11e4-be1c-aa5fbb065116.STAR.v1.bam	ebi	2016-06-09T21:41:45Z	2015-09-12T20:40:04Z	GRCh37	icgc_pancancer	AOCS-139	AOCS-139-26-6MD	AOCS-139-4	RNA-Seq_Alignment_SOP_STAR	v1
06fd33a6-36c7-4adf-bd24-cae5fa860c85	https://gtrepo-ebi.annailabs.com/cghub/metadata/analysisFull/3fb4a980-9b16-45d8-855f-03042d5f6b3b	3fb4a980-9b16-45d8-855f-03042d5f6b3b	OV-AU	Metastatic tumour - metastasis to distant location	1	bam	f23ed336125472da0368e39ee85de5c6	PCAWG.14a8ac7c-fb5b-11e4-b5c9-a73ef9f2fa35.STAR.v1.bam	ebi	2016-06-09T21:41:45Z	2015-09-13T01:40:02Z	GRCh37	icgc_pancancer	AOCS-139	AOCS-139-26-6MD	AOCS-139-4	RNA-Seq_Alignment_SOP_STAR	v1
06fd33a6-36c7-4adf-bd24-cae5fa860c85	https://gtrepo-ebi.annailabs.com/cghub/metadata/analysisFull/2797e85c-b236-4e78-bbe0-4b80f319f43d	2797e85c-b236-4e78-bbe0-4b80f319f43d	OV-AU	Metastatic tumour - metastasis to distant location	1	bam	f9b4389558860280e80b8eeb12134994	PCAWG.14ab6b92-fb5b-11e4-a7d4-b5dfae3707ff.TopHat2.v1.bam	ebi	2016-06-09T21:41:45Z	2015-08-15T09:37:34Z	GRCh37	icgc_pancancer	AOCS-139	AOCS-139-26-6MD	AOCS-139-4	Workflow_Bundle_TOPHAT2	0.1
06fd33a6-36c7-4adf-bd24-cae5fa860c85	https://gtrepo-osdc-icgc.annailabs.com/cghub/metadata/analysisFull/2797e85c-b236-4e78-bbe0-4b80f319f43d	2797e85c-b236-4e78-bbe0-4b80f319f43d	OV-AU	Metastatic tumour - metastasis to distant location	1	bam	f9b4389558860280e80b8eeb12134994	PCAWG.14ab6b92-fb5b-11e4-a7d4-b5dfae3707ff.TopHat2.v1.bam	osdc-icgc	2016-06-09T23:12:56Z	2015-07-29T05:41:22Z	GRCh37	icgc_pancancer	AOCS-139	AOCS-139-26-6MD	AOCS-139-4	Workflow_Bundle_TOPHAT2	0.1
06fd33a6-36c7-4adf-bd24-cae5fa860c85	https://gtrepo-osdc-icgc.annailabs.com/cghub/metadata/analysisFull/14a0e10e-fb5b-11e4-be1c-aa5fbb065116	14a0e10e-fb5b-11e4-be1c-aa5fbb065116	OV-AU	Metastatic tumour - metastasis to distant location	1	bam	42402d626d1a74b3608586cb08b05cc2	2136d913-70b5-45ba-8c7a-d40df542c621.bam	osdc-icgc	2016-06-09T23:12:56Z	2015-05-29T21:07:08Z	unaligned	icgc_pancancer	AOCS-139	AOCS-139-26-6MD	AOCS-139-4		
06fd33a6-36c7-4adf-bd24-cae5fa860c85	https://gtrepo-osdc-icgc.annailabs.com/cghub/metadata/analysisFull/14ab6b92-fb5b-11e4-a7d4-b5dfae3707ff	14ab6b92-fb5b-11e4-a7d4-b5dfae3707ff	OV-AU	Metastatic tumour - metastasis to distant location	1	bam	9f0c188004e075ff30673a45882cf644	ce68c00c-a277-4fa6-8e92-0ff329a7f9a4.bam	osdc-icgc	2016-06-09T23:12:56Z	2015-05-29T21:15:09Z	unaligned	icgc_pancancer	AOCS-139	AOCS-139-26-6MD	AOCS-139-4		
06fd33a6-36c7-4adf-bd24-cae5fa860c85	https://gtrepo-osdc-icgc.annailabs.com/cghub/metadata/analysisFull/14a7747e-fb5b-11e4-9afb-8f474ede6325	14a7747e-fb5b-11e4-9afb-8f474ede6325	OV-AU	Metastatic tumour - metastasis to distant location	1	bam	c9633c78c50266ef55270dc4eaaea5ed	552ad031-beb2-46b3-a49d-3c52c4884446.bam	osdc-icgc	2016-06-09T23:12:56Z	2015-05-29T21:09:11Z	unaligned	icgc_pancancer	AOCS-139	AOCS-139-26-6MD	AOCS-139-4		
06fd33a6-36c7-4adf-bd24-cae5fa860c85	https://gtrepo-osdc-icgc.annailabs.com/cghub/metadata/analysisFull/14a8ac7c-fb5b-11e4-b5c9-a73ef9f2fa35	14a8ac7c-fb5b-11e4-b5c9-a73ef9f2fa35	OV-AU	Metastatic tumour - metastasis to distant location	1	bam	fc70675e358a355a2e6c1fc10141f7d9	68414e12-609f-48a6-b40f-585154606bee.bam	osdc-icgc	2016-06-09T23:12:56Z	2015-05-29T21:13:11Z	unaligned	icgc_pancancer	AOCS-139	AOCS-139-26-6MD	AOCS-139-4		
a134fe1c-59f3-48fe-b9b3-2dd7ed875801	https://gtrepo-ebi.annailabs.com/cghub/metadata/analysisFull/d96e83aa-224d-45f4-bf09-891bfe082313	d96e83aa-224d-45f4-bf09-891bfe082313	OV-AU	Metastatic tumour - metastasis to distant location	1	bam	0b4f0a3230d67a4517f4d20169029e9c	PCAWG.14af4c62-fb5b-11e4-ad54-8bf8def52fcd.TopHat2.v1.bam	ebi	2016-06-09T21:36:33Z	2015-08-12T23:53:01Z	GRCh37	icgc_pancancer	AOCS-139	AOCS-139-7-7WT	AOCS-139-16	Workflow_Bundle_TOPHAT2	0.1
a134fe1c-59f3-48fe-b9b3-2dd7ed875801	https://gtrepo-osdc-icgc.annailabs.com/cghub/metadata/analysisFull/d96e83aa-224d-45f4-bf09-891bfe082313	d96e83aa-224d-45f4-bf09-891bfe082313	OV-AU	Metastatic tumour - metastasis to distant location	1	bam	0b4f0a3230d67a4517f4d20169029e9c	PCAWG.14af4c62-fb5b-11e4-ad54-8bf8def52fcd.TopHat2.v1.bam	osdc-icgc	2016-06-09T23:21:02Z	2015-07-29T05:16:26Z	GRCh37	icgc_pancancer	AOCS-139	AOCS-139-7-7WT	AOCS-139-16	Workflow_Bundle_TOPHAT2	0.1
a134fe1c-59f3-48fe-b9b3-2dd7ed875801	https://gtrepo-ebi.annailabs.com/cghub/metadata/analysisFull/0305aa7b-a021-46b8-baed-dce97a3ecc93	0305aa7b-a021-46b8-baed-dce97a3ecc93	OV-AU	Metastatic tumour - metastasis to distant location	1	bam	38a3ceac86837c710cb566896d01a8b5	PCAWG.14b55d5a-fb5b-11e4-896b-f5d5f735bfba.TopHat2.v1.bam	ebi	2016-06-09T21:36:33Z	2015-08-14T04:09:12Z	GRCh37	icgc_pancancer	AOCS-139	AOCS-139-7-7WT	AOCS-139-16	Workflow_Bundle_TOPHAT2	0.1
a134fe1c-59f3-48fe-b9b3-2dd7ed875801	https://gtrepo-osdc-icgc.annailabs.com/cghub/metadata/analysisFull/0305aa7b-a021-46b8-baed-dce97a3ecc93	0305aa7b-a021-46b8-baed-dce97a3ecc93	OV-AU	Metastatic tumour - metastasis to distant location	1	bam	38a3ceac86837c710cb566896d01a8b5	PCAWG.14b55d5a-fb5b-11e4-896b-f5d5f735bfba.TopHat2.v1.bam	osdc-icgc	2016-06-09T23:21:00Z	2015-07-29T05:21:34Z	GRCh37	icgc_pancancer	AOCS-139	AOCS-139-7-7WT	AOCS-139-16	Workflow_Bundle_TOPHAT2	0.1
a134fe1c-59f3-48fe-b9b3-2dd7ed875801	https://gtrepo-ebi.annailabs.com/cghub/metadata/analysisFull/256097eb-337b-43ef-94bd-8f4e4fc4a6b2	256097eb-337b-43ef-94bd-8f4e4fc4a6b2	OV-AU	Metastatic tumour - metastasis to distant location	1	bam	3f13e973c8c1ea780c0d15141af23646	PCAWG.14b2100a-fb5b-11e4-a684-a5646e8ec24d.TopHat2.v1.bam	ebi	2016-06-09T21:36:33Z	2015-08-16T15:57:01Z	GRCh37	icgc_pancancer	AOCS-139	AOCS-139-7-7WT	AOCS-139-16	Workflow_Bundle_TOPHAT2	0.1
a134fe1c-59f3-48fe-b9b3-2dd7ed875801	https://gtrepo-osdc-icgc.annailabs.com/cghub/metadata/analysisFull/256097eb-337b-43ef-94bd-8f4e4fc4a6b2	256097eb-337b-43ef-94bd-8f4e4fc4a6b2	OV-AU	Metastatic tumour - metastasis to distant location	1	bam	3f13e973c8c1ea780c0d15141af23646	PCAWG.14b2100a-fb5b-11e4-a684-a5646e8ec24d.TopHat2.v1.bam	osdc-icgc	2016-06-09T23:21:00Z	2015-07-29T05:16:24Z	GRCh37	icgc_pancancer	AOCS-139	AOCS-139-7-7WT	AOCS-139-16	Workflow_Bundle_TOPHAT2	0.1
a134fe1c-59f3-48fe-b9b3-2dd7ed875801	https://gtrepo-ebi.annailabs.com/cghub/metadata/analysisFull/0d6cd6c7-1a67-4860-91e8-595df7b85486	0d6cd6c7-1a67-4860-91e8-595df7b85486	OV-AU	Metastatic tumour - metastasis to distant location	1	bam	6943e7fbf62cfdf79aa851b34f5cac3a	PCAWG.14b5922a-fb5b-11e4-9ede-e1e5a89258c4.TopHat2.v1.bam	ebi	2016-06-09T21:36:33Z	2015-08-14T00:57:01Z	GRCh37	icgc_pancancer	AOCS-139	AOCS-139-7-7WT	AOCS-139-16	Workflow_Bundle_TOPHAT2	0.1
a134fe1c-59f3-48fe-b9b3-2dd7ed875801	https://gtrepo-osdc-icgc.annailabs.com/cghub/metadata/analysisFull/0d6cd6c7-1a67-4860-91e8-595df7b85486	0d6cd6c7-1a67-4860-91e8-595df7b85486	OV-AU	Metastatic tumour - metastasis to distant location	1	bam	6943e7fbf62cfdf79aa851b34f5cac3a	PCAWG.14b5922a-fb5b-11e4-9ede-e1e5a89258c4.TopHat2.v1.bam	osdc-icgc	2016-06-09T23:21:00Z	2015-07-29T05:21:05Z	GRCh37	icgc_pancancer	AOCS-139	AOCS-139-7-7WT	AOCS-139-16	Workflow_Bundle_TOPHAT2	0.1
a134fe1c-59f3-48fe-b9b3-2dd7ed875801	https://gtrepo-ebi.annailabs.com/cghub/metadata/analysisFull/d42f7532-36d9-418d-99a5-4060548e554a	d42f7532-36d9-418d-99a5-4060548e554a	OV-AU	Metastatic tumour - metastasis to distant location	1	bam	720711a6d28cfc0251535d996dfc7a35	PCAWG.14b5922a-fb5b-11e4-9ede-e1e5a89258c4.STAR.v1.bam	ebi	2016-06-09T21:36:33Z	2015-09-12T21:42:02Z	GRCh37	icgc_pancancer	AOCS-139	AOCS-139-7-7WT	AOCS-139-16	RNA-Seq_Alignment_SOP_STAR	v1
a134fe1c-59f3-48fe-b9b3-2dd7ed875801	https://gtrepo-ebi.annailabs.com/cghub/metadata/analysisFull/45cdc2a5-5caa-4e60-bd6c-bd98cb6c3e73	45cdc2a5-5caa-4e60-bd6c-bd98cb6c3e73	OV-AU	Metastatic tumour - metastasis to distant location	1	bam	97e3c56ffec68543443f106941686f1d	PCAWG.14b55d5a-fb5b-11e4-896b-f5d5f735bfba.STAR.v1.bam	ebi	2016-06-09T21:36:36Z	2015-09-12T10:32:03Z	GRCh37	icgc_pancancer	AOCS-139	AOCS-139-7-7WT	AOCS-139-16	RNA-Seq_Alignment_SOP_STAR	v1
a134fe1c-59f3-48fe-b9b3-2dd7ed875801	https://gtrepo-ebi.annailabs.com/cghub/metadata/analysisFull/57290cd4-1dc2-4ef3-8875-19a667763274	57290cd4-1dc2-4ef3-8875-19a667763274	OV-AU	Metastatic tumour - metastasis to distant location	1	bam	ad42ef0561a4e9a891c9215e6dc68b5e	PCAWG.14af4c62-fb5b-11e4-ad54-8bf8def52fcd.STAR.v1.bam	ebi	2016-06-09T21:36:33Z	2015-09-12T20:42:01Z	GRCh37	icgc_pancancer	AOCS-139	AOCS-139-7-7WT	AOCS-139-16	RNA-Seq_Alignment_SOP_STAR	v1
a134fe1c-59f3-48fe-b9b3-2dd7ed875801	https://gtrepo-ebi.annailabs.com/cghub/metadata/analysisFull/532753b0-c42c-46e8-bbe3-045c76429668	532753b0-c42c-46e8-bbe3-045c76429668	OV-AU	Metastatic tumour - metastasis to distant location	1	bam	ff4343299bc2ba616433652e32786395	PCAWG.14b2100a-fb5b-11e4-a684-a5646e8ec24d.STAR.v1.bam	ebi	2016-06-09T21:36:33Z	2015-09-11T23:32:02Z	GRCh37	icgc_pancancer	AOCS-139	AOCS-139-7-7WT	AOCS-139-16	RNA-Seq_Alignment_SOP_STAR	v1
a134fe1c-59f3-48fe-b9b3-2dd7ed875801	https://gtrepo-osdc-icgc.annailabs.com/cghub/metadata/analysisFull/14b5922a-fb5b-11e4-9ede-e1e5a89258c4	14b5922a-fb5b-11e4-9ede-e1e5a89258c4	OV-AU	Metastatic tumour - metastasis to distant location	1	bam	02c3d4b648a19b0a6f4cba920669c56a	d99b8d4e-4392-495c-acab-e29f80c3addd.bam	osdc-icgc	2016-06-09T23:21:00Z	2015-05-29T21:33:03Z	unaligned	icgc_pancancer	AOCS-139	AOCS-139-7-7WT	AOCS-139-16		
a134fe1c-59f3-48fe-b9b3-2dd7ed875801	https://gtrepo-osdc-icgc.annailabs.com/cghub/metadata/analysisFull/14af4c62-fb5b-11e4-ad54-8bf8def52fcd	14af4c62-fb5b-11e4-ad54-8bf8def52fcd	OV-AU	Metastatic tumour - metastasis to distant location	1	bam	3b4f8a8d7d6268a1f2ebc85a76462345	4c21042d-d75a-48c5-9437-8023c94bb82c.bam	osdc-icgc	2016-06-09T23:21:00Z	2015-05-29T21:27:02Z	unaligned	icgc_pancancer	AOCS-139	AOCS-139-7-7WT	AOCS-139-16		
a134fe1c-59f3-48fe-b9b3-2dd7ed875801	https://gtrepo-osdc-icgc.annailabs.com/cghub/metadata/analysisFull/14b2100a-fb5b-11e4-a684-a5646e8ec24d	14b2100a-fb5b-11e4-a684-a5646e8ec24d	OV-AU	Metastatic tumour - metastasis to distant location	1	bam	75d47de38ae9bfef68dd75a695c78702	5887fc01-63a9-423d-87c9-901a64ff9560.bam	osdc-icgc	2016-06-09T23:21:00Z	2015-05-29T21:29:03Z	unaligned	icgc_pancancer	AOCS-139	AOCS-139-7-7WT	AOCS-139-16		
a134fe1c-59f3-48fe-b9b3-2dd7ed875801	https://gtrepo-osdc-icgc.annailabs.com/cghub/metadata/analysisFull/14b55d5a-fb5b-11e4-896b-f5d5f735bfba	14b55d5a-fb5b-11e4-896b-f5d5f735bfba	OV-AU	Metastatic tumour - metastasis to distant location	1	bam	c3911e516e830a1bce9692c0eafefdb0	7ee7a681-2a3a-40d3-9a59-eaaf23ae1d55.bam	osdc-icgc	2016-06-09T23:21:00Z	2015-05-29T21:31:03Z	unaligned	icgc_pancancer	AOCS-139	AOCS-139-7-7WT	AOCS-139-16		
a4dc573b-e856-40b9-a3ab-c8f7cc7c3960	https://gtrepo-ebi.annailabs.com/cghub/metadata/analysisFull/977b94ef-7280-4b92-8e25-31ee3c7dcb4d	977b94ef-7280-4b92-8e25-31ee3c7dcb4d	OV-AU	Metastatic tumour - metastasis to distant location	1	bam	0487db779fafdcbff91871bd045e6136	PCAWG.36f6b2fc-fac4-11e4-a0df-9b1ea73c88f4.TopHat2.v1.bam	ebi	2016-06-09T21:28:12Z	2015-08-15T09:09:02Z	GRCh37	icgc_pancancer	AOCS-167	AOCS-167-27-X-WT	AOCS-167-16	Workflow_Bundle_TOPHAT2	0.1
a4dc573b-e856-40b9-a3ab-c8f7cc7c3960	https://gtrepo-osdc-icgc.annailabs.com/cghub/metadata/analysisFull/977b94ef-7280-4b92-8e25-31ee3c7dcb4d	977b94ef-7280-4b92-8e25-31ee3c7dcb4d	OV-AU	Metastatic tumour - metastasis to distant location	1	bam	0487db779fafdcbff91871bd045e6136	PCAWG.36f6b2fc-fac4-11e4-a0df-9b1ea73c88f4.TopHat2.v1.bam	osdc-icgc	2016-06-09T23:23:15Z	2015-07-29T18:33:01Z	GRCh37	icgc_pancancer	AOCS-167	AOCS-167-27-X-WT	AOCS-167-16	Workflow_Bundle_TOPHAT2	0.1
a4dc573b-e856-40b9-a3ab-c8f7cc7c3960	https://gtrepo-ebi.annailabs.com/cghub/metadata/analysisFull/9948fa24-45c8-4c9f-8804-ca011983af47	9948fa24-45c8-4c9f-8804-ca011983af47	OV-AU	Metastatic tumour - metastasis to distant location	1	bam	37e3f0dae5024e23b2f9c77f9d185253	PCAWG.36f62b20-fac4-11e4-ba89-dec67f19d7b2.STAR.v1.bam	ebi	2016-06-09T21:28:12Z	2015-09-12T09:38:02Z	GRCh37	icgc_pancancer	AOCS-167	AOCS-167-27-X-WT	AOCS-167-16	RNA-Seq_Alignment_SOP_STAR	v1
a4dc573b-e856-40b9-a3ab-c8f7cc7c3960	https://gtrepo-ebi.annailabs.com/cghub/metadata/analysisFull/f7421ab1-e865-4b1e-b6cd-31db29534cee	f7421ab1-e865-4b1e-b6cd-31db29534cee	OV-AU	Metastatic tumour - metastasis to distant location	1	bam	3888645c9e2bce514ae03c84de9dcace	PCAWG.36f6b2fc-fac4-11e4-a0df-9b1ea73c88f4.STAR.v1.bam	ebi	2016-06-09T21:28:12Z	2015-09-12T21:40:02Z	GRCh37	icgc_pancancer	AOCS-167	AOCS-167-27-X-WT	AOCS-167-16	RNA-Seq_Alignment_SOP_STAR	v1
a4dc573b-e856-40b9-a3ab-c8f7cc7c3960	https://gtrepo-ebi.annailabs.com/cghub/metadata/analysisFull/a23af98a-8a29-4481-88ae-51f80ebeac62	a23af98a-8a29-4481-88ae-51f80ebeac62	OV-AU	Metastatic tumour - metastasis to distant location	1	bam	74fce830253325e6f7c83522104fea9b	PCAWG.36f62b20-fac4-11e4-ba89-dec67f19d7b2.TopHat2.v1.bam	ebi	2016-06-09T21:28:12Z	2015-08-18T09:01:02Z	GRCh37	icgc_pancancer	AOCS-167	AOCS-167-27-X-WT	AOCS-167-16	Workflow_Bundle_TOPHAT2	0.1
a4dc573b-e856-40b9-a3ab-c8f7cc7c3960	https://gtrepo-osdc-icgc.annailabs.com/cghub/metadata/analysisFull/a23af98a-8a29-4481-88ae-51f80ebeac62	a23af98a-8a29-4481-88ae-51f80ebeac62	OV-AU	Metastatic tumour - metastasis to distant location	1	bam	74fce830253325e6f7c83522104fea9b	PCAWG.36f62b20-fac4-11e4-ba89-dec67f19d7b2.TopHat2.v1.bam	osdc-icgc	2016-06-09T23:23:15Z	2015-07-29T18:38:52Z	GRCh37	icgc_pancancer	AOCS-167	AOCS-167-27-X-WT	AOCS-167-16	Workflow_Bundle_TOPHAT2	0.1
a4dc573b-e856-40b9-a3ab-c8f7cc7c3960	https://gtrepo-ebi.annailabs.com/cghub/metadata/analysisFull/106e625b-e620-4bc5-8f4d-61e3411fb082	106e625b-e620-4bc5-8f4d-61e3411fb082	OV-AU	Metastatic tumour - metastasis to distant location	1	bam	82f98060c0744c9d4014b3914bcddf7f	PCAWG.36f679cc-fac4-11e4-ae38-d56e89b87c59.STAR.v1.bam	ebi	2016-06-09T21:28:12Z	2015-09-12T01:38:01Z	GRCh37	icgc_pancancer	AOCS-167	AOCS-167-27-X-WT	AOCS-167-16	RNA-Seq_Alignment_SOP_STAR	v1
a4dc573b-e856-40b9-a3ab-c8f7cc7c3960	https://gtrepo-ebi.annailabs.com/cghub/metadata/analysisFull/385ce200-6703-4c53-b71c-ff18fda47f6c	385ce200-6703-4c53-b71c-ff18fda47f6c	OV-AU	Metastatic tumour - metastasis to distant location	1	bam	b00be3ab5b14e4f2f76d9628d0c71acc	PCAWG.36f679cc-fac4-11e4-ae38-d56e89b87c59.TopHat2.v1.bam	ebi	2016-06-09T21:28:15Z	2015-08-11T20:50:49Z	GRCh37	icgc_pancancer	AOCS-167	AOCS-167-27-X-WT	AOCS-167-16	Workflow_Bundle_TOPHAT2	0.1
a4dc573b-e856-40b9-a3ab-c8f7cc7c3960	https://gtrepo-osdc-icgc.annailabs.com/cghub/metadata/analysisFull/385ce200-6703-4c53-b71c-ff18fda47f6c	385ce200-6703-4c53-b71c-ff18fda47f6c	OV-AU	Metastatic tumour - metastasis to distant location	1	bam	b00be3ab5b14e4f2f76d9628d0c71acc	PCAWG.36f679cc-fac4-11e4-ae38-d56e89b87c59.TopHat2.v1.bam	osdc-icgc	2016-06-09T23:23:15Z	2015-07-29T05:45:56Z	GRCh37	icgc_pancancer	AOCS-167	AOCS-167-27-X-WT	AOCS-167-16	Workflow_Bundle_TOPHAT2	0.1
a4dc573b-e856-40b9-a3ab-c8f7cc7c3960	https://gtrepo-ebi.annailabs.com/cghub/metadata/analysisFull/e9e5a8e2-3657-4900-9db1-8f5ddcfe9739	e9e5a8e2-3657-4900-9db1-8f5ddcfe9739	OV-AU	Metastatic tumour - metastasis to distant location	1	bam	b21d42b6166be273a69373075768fbc3	PCAWG.36f6ea7e-fac4-11e4-81d6-bdfb5a58ca2e.TopHat2.v1.bam	ebi	2016-06-09T21:28:12Z	2015-08-18T08:19:02Z	GRCh37	icgc_pancancer	AOCS-167	AOCS-167-27-X-WT	AOCS-167-16	Workflow_Bundle_TOPHAT2	0.1
a4dc573b-e856-40b9-a3ab-c8f7cc7c3960	https://gtrepo-osdc-icgc.annailabs.com/cghub/metadata/analysisFull/e9e5a8e2-3657-4900-9db1-8f5ddcfe9739	e9e5a8e2-3657-4900-9db1-8f5ddcfe9739	OV-AU	Metastatic tumour - metastasis to distant location	1	bam	b21d42b6166be273a69373075768fbc3	PCAWG.36f6ea7e-fac4-11e4-81d6-bdfb5a58ca2e.TopHat2.v1.bam	osdc-icgc	2016-06-09T23:23:18Z	2015-07-29T05:53:57Z	GRCh37	icgc_pancancer	AOCS-167	AOCS-167-27-X-WT	AOCS-167-16	Workflow_Bundle_TOPHAT2	0.1
a4dc573b-e856-40b9-a3ab-c8f7cc7c3960	https://gtrepo-ebi.annailabs.com/cghub/metadata/analysisFull/e4619425-f371-4ce9-bc7d-bd2dedd213ec	e4619425-f371-4ce9-bc7d-bd2dedd213ec	OV-AU	Metastatic tumour - metastasis to distant location	1	bam	d4055cc7c5407ec2c65035db0548d6af	PCAWG.36f6ea7e-fac4-11e4-81d6-bdfb5a58ca2e.STAR.v1.bam	ebi	2016-06-09T21:28:12Z	2015-09-12T06:34:01Z	GRCh37	icgc_pancancer	AOCS-167	AOCS-167-27-X-WT	AOCS-167-16	RNA-Seq_Alignment_SOP_STAR	v1
a4dc573b-e856-40b9-a3ab-c8f7cc7c3960	https://gtrepo-osdc-icgc.annailabs.com/cghub/metadata/analysisFull/36f6ea7e-fac4-11e4-81d6-bdfb5a58ca2e	36f6ea7e-fac4-11e4-81d6-bdfb5a58ca2e	OV-AU	Metastatic tumour - metastasis to distant location	1	bam	0384be652bb9488719dc8c7b4738b580	b899976a-7cd5-467a-820d-6ce2f04062ea.bam	osdc-icgc	2016-06-09T23:23:15Z	2015-06-04T22:16:20Z	unaligned	icgc_pancancer	AOCS-167	AOCS-167-27-X-WT	AOCS-167-16		
a4dc573b-e856-40b9-a3ab-c8f7cc7c3960	https://gtrepo-osdc-icgc.annailabs.com/cghub/metadata/analysisFull/36f62b20-fac4-11e4-ba89-dec67f19d7b2	36f62b20-fac4-11e4-ba89-dec67f19d7b2	OV-AU	Metastatic tumour - metastasis to distant location	1	bam	191a08e04fd08494f7067e2cfc1084e0	0ce9537a-f463-499a-bf33-b1e199766caf.bam	osdc-icgc	2016-06-09T23:23:15Z	2015-06-04T22:10:36Z	unaligned	icgc_pancancer	AOCS-167	AOCS-167-27-X-WT	AOCS-167-16		
a4dc573b-e856-40b9-a3ab-c8f7cc7c3960	https://gtrepo-osdc-icgc.annailabs.com/cghub/metadata/analysisFull/36f6b2fc-fac4-11e4-a0df-9b1ea73c88f4	36f6b2fc-fac4-11e4-a0df-9b1ea73c88f4	OV-AU	Metastatic tumour - metastasis to distant location	1	bam	58ed3b9016b7e20c0249143ebcd65f94	5769854b-cb49-4ac4-b3e5-8ac1ddd7911b.bam	osdc-icgc	2016-06-09T23:23:15Z	2015-06-04T22:14:27Z	unaligned	icgc_pancancer	AOCS-167	AOCS-167-27-X-WT	AOCS-167-16		
a4dc573b-e856-40b9-a3ab-c8f7cc7c3960	https://gtrepo-osdc-icgc.annailabs.com/cghub/metadata/analysisFull/36f679cc-fac4-11e4-ae38-d56e89b87c59	36f679cc-fac4-11e4-ae38-d56e89b87c59	OV-AU	Metastatic tumour - metastasis to distant location	1	bam	6741f375301aee89cee0c30e3513fa13	280d3b86-6f14-471d-ac20-132e6d872317.bam	osdc-icgc	2016-06-09T23:23:15Z	2015-06-04T22:13:46Z	unaligned	icgc_pancancer	AOCS-167	AOCS-167-27-X-WT	AOCS-167-16		
c54a3568-f14d-453c-bc34-9b0b0644182d	https://gtrepo-ebi.annailabs.com/cghub/metadata/analysisFull/ae80ace5-9d53-4e2c-a941-0bfd5cf224c8	ae80ace5-9d53-4e2c-a941-0bfd5cf224c8	OV-AU	Metastatic tumour - metastasis to distant location	1	bam	1b0b7a9c848bc73ac48ce91606de17da	PCAWG.36f78ca4-fac4-11e4-a3be-f1f6eeb05b15.TopHat2.v1.bam	ebi	2016-06-09T21:20:53Z	2015-08-13T04:53:01Z	GRCh37	icgc_pancancer	AOCS-167	AOCS-167-29-7-MD	AOCS-167-4	Workflow_Bundle_TOPHAT2	0.1
c54a3568-f14d-453c-bc34-9b0b0644182d	https://gtrepo-osdc-icgc.annailabs.com/cghub/metadata/analysisFull/ae80ace5-9d53-4e2c-a941-0bfd5cf224c8	ae80ace5-9d53-4e2c-a941-0bfd5cf224c8	OV-AU	Metastatic tumour - metastasis to distant location	1	bam	1b0b7a9c848bc73ac48ce91606de17da	PCAWG.36f78ca4-fac4-11e4-a3be-f1f6eeb05b15.TopHat2.v1.bam	osdc-icgc	2016-06-09T23:13:29Z	2015-07-29T05:53:46Z	GRCh37	icgc_pancancer	AOCS-167	AOCS-167-29-7-MD	AOCS-167-4	Workflow_Bundle_TOPHAT2	0.1
c54a3568-f14d-453c-bc34-9b0b0644182d	https://gtrepo-ebi.annailabs.com/cghub/metadata/analysisFull/a23096db-e508-429b-a505-8524fa05c460	a23096db-e508-429b-a505-8524fa05c460	OV-AU	Metastatic tumour - metastasis to distant location	1	bam	24110292293e809f3bcc5b18f0f11488	PCAWG.36f75626-fac4-11e4-9375-97fb8510ec56.STAR.v1.bam	ebi	2016-06-09T21:20:53Z	2015-09-12T17:34:02Z	GRCh37	icgc_pancancer	AOCS-167	AOCS-167-29-7-MD	AOCS-167-4	RNA-Seq_Alignment_SOP_STAR	v1
c54a3568-f14d-453c-bc34-9b0b0644182d	https://gtrepo-ebi.annailabs.com/cghub/metadata/analysisFull/86023196-0d75-430d-9c9e-17d2c2258caf	86023196-0d75-430d-9c9e-17d2c2258caf	OV-AU	Metastatic tumour - metastasis to distant location	1	bam	3298b2a007e61d74e35b225a4737ff0b	PCAWG.36f7208e-fac4-11e4-a6b0-913bf7e3cebe.TopHat2.v1.bam	ebi	2016-06-09T21:20:53Z	2015-08-14T04:45:02Z	GRCh37	icgc_pancancer	AOCS-167	AOCS-167-29-7-MD	AOCS-167-4	Workflow_Bundle_TOPHAT2	0.1
c54a3568-f14d-453c-bc34-9b0b0644182d	https://gtrepo-osdc-icgc.annailabs.com/cghub/metadata/analysisFull/86023196-0d75-430d-9c9e-17d2c2258caf	86023196-0d75-430d-9c9e-17d2c2258caf	OV-AU	Metastatic tumour - metastasis to distant location	1	bam	3298b2a007e61d74e35b225a4737ff0b	PCAWG.36f7208e-fac4-11e4-a6b0-913bf7e3cebe.TopHat2.v1.bam	osdc-icgc	2016-06-09T23:13:29Z	2015-07-29T18:28:03Z	GRCh37	icgc_pancancer	AOCS-167	AOCS-167-29-7-MD	AOCS-167-4	Workflow_Bundle_TOPHAT2	0.1
c54a3568-f14d-453c-bc34-9b0b0644182d	https://gtrepo-ebi.annailabs.com/cghub/metadata/analysisFull/2ee5cb5a-426d-495f-914a-44efec66f2a6	2ee5cb5a-426d-495f-914a-44efec66f2a6	OV-AU	Metastatic tumour - metastasis to distant location	1	bam	81163ae67173ffb890fea6f41d208564	PCAWG.36f7208e-fac4-11e4-a6b0-913bf7e3cebe.STAR.v1.bam	ebi	2016-06-09T21:20:56Z	2015-09-12T04:32:03Z	GRCh37	icgc_pancancer	AOCS-167	AOCS-167-29-7-MD	AOCS-167-4	RNA-Seq_Alignment_SOP_STAR	v1
c54a3568-f14d-453c-bc34-9b0b0644182d	https://gtrepo-ebi.annailabs.com/cghub/metadata/analysisFull/67ecaa19-23c6-4ab4-8430-2bf33f0528dc	67ecaa19-23c6-4ab4-8430-2bf33f0528dc	OV-AU	Metastatic tumour - metastasis to distant location	1	bam	bb57f1e06776ee38b3fe0a3a625b91ad	PCAWG.36f75626-fac4-11e4-9375-97fb8510ec56.TopHat2.v1.bam	ebi	2016-06-09T21:20:53Z	2015-08-25T19:03:38Z	GRCh37	icgc_pancancer	AOCS-167	AOCS-167-29-7-MD	AOCS-167-4	Workflow_Bundle_TOPHAT2	0.1
c54a3568-f14d-453c-bc34-9b0b0644182d	https://gtrepo-osdc-icgc.annailabs.com/cghub/metadata/analysisFull/67ecaa19-23c6-4ab4-8430-2bf33f0528dc	67ecaa19-23c6-4ab4-8430-2bf33f0528dc	OV-AU	Metastatic tumour - metastasis to distant location	1	bam	bb57f1e06776ee38b3fe0a3a625b91ad	PCAWG.36f75626-fac4-11e4-9375-97fb8510ec56.TopHat2.v1.bam	osdc-icgc	2016-06-09T23:13:29Z	2015-07-29T18:17:47Z	GRCh37	icgc_pancancer	AOCS-167	AOCS-167-29-7-MD	AOCS-167-4	Workflow_Bundle_TOPHAT2	0.1
c54a3568-f14d-453c-bc34-9b0b0644182d	https://gtrepo-ebi.annailabs.com/cghub/metadata/analysisFull/98188293-4e69-46b6-a701-780d21f9e089	98188293-4e69-46b6-a701-780d21f9e089	OV-AU	Metastatic tumour - metastasis to distant location	1	bam	d04436e302a72c110937c30bb7f5650f	PCAWG.36f78ca4-fac4-11e4-a3be-f1f6eeb05b15.STAR.v1.bam	ebi	2016-06-09T21:20:53Z	2015-09-12T05:36:02Z	GRCh37	icgc_pancancer	AOCS-167	AOCS-167-29-7-MD	AOCS-167-4	RNA-Seq_Alignment_SOP_STAR	v1
c54a3568-f14d-453c-bc34-9b0b0644182d	https://gtrepo-ebi.annailabs.com/cghub/metadata/analysisFull/e0bea417-68b7-4344-b6dc-0642105e5153	e0bea417-68b7-4344-b6dc-0642105e5153	OV-AU	Metastatic tumour - metastasis to distant location	1	bam	dc427e8039d22dbc51f7550dbbb984e1	PCAWG.36f7c2b4-fac4-11e4-993b-c3946b16e154.STAR.v1.bam	ebi	2016-06-09T21:20:53Z	2015-09-12T02:28:03Z	GRCh37	icgc_pancancer	AOCS-167	AOCS-167-29-7-MD	AOCS-167-4	RNA-Seq_Alignment_SOP_STAR	v1
c54a3568-f14d-453c-bc34-9b0b0644182d	https://gtrepo-ebi.annailabs.com/cghub/metadata/analysisFull/c1b2efa2-99d7-40c2-92c5-4690fd991f23	c1b2efa2-99d7-40c2-92c5-4690fd991f23	OV-AU	Metastatic tumour - metastasis to distant location	1	bam	fd8fd124b977e5296bdc1a56799d32f0	PCAWG.36f7c2b4-fac4-11e4-993b-c3946b16e154.TopHat2.v1.bam	ebi	2016-06-09T21:20:53Z	2015-08-13T21:41:02Z	GRCh37	icgc_pancancer	AOCS-167	AOCS-167-29-7-MD	AOCS-167-4	Workflow_Bundle_TOPHAT2	0.1
c54a3568-f14d-453c-bc34-9b0b0644182d	https://gtrepo-osdc-icgc.annailabs.com/cghub/metadata/analysisFull/c1b2efa2-99d7-40c2-92c5-4690fd991f23	c1b2efa2-99d7-40c2-92c5-4690fd991f23	OV-AU	Metastatic tumour - metastasis to distant location	1	bam	fd8fd124b977e5296bdc1a56799d32f0	PCAWG.36f7c2b4-fac4-11e4-993b-c3946b16e154.TopHat2.v1.bam	osdc-icgc	2016-06-09T23:13:31Z	2015-07-29T18:39:07Z	GRCh37	icgc_pancancer	AOCS-167	AOCS-167-29-7-MD	AOCS-167-4	Workflow_Bundle_TOPHAT2	0.1
c54a3568-f14d-453c-bc34-9b0b0644182d	https://gtrepo-osdc-icgc.annailabs.com/cghub/metadata/analysisFull/36f7c2b4-fac4-11e4-993b-c3946b16e154	36f7c2b4-fac4-11e4-993b-c3946b16e154	OV-AU	Metastatic tumour - metastasis to distant location	1	bam	07293868ded3ba3afe2bc6c302aefc70	7d314cc5-a875-4e9c-888d-3bfc1e3125f4.bam	osdc-icgc	2016-06-09T23:13:29Z	2015-06-04T22:25:24Z	unaligned	icgc_pancancer	AOCS-167	AOCS-167-29-7-MD	AOCS-167-4		
c54a3568-f14d-453c-bc34-9b0b0644182d	https://gtrepo-osdc-icgc.annailabs.com/cghub/metadata/analysisFull/36f7208e-fac4-11e4-a6b0-913bf7e3cebe	36f7208e-fac4-11e4-a6b0-913bf7e3cebe	OV-AU	Metastatic tumour - metastasis to distant location	1	bam	1f5ac0f8b4bd9c8442e05f8f5c660d2e	0826160e-de5b-4a2c-a142-c3209e19feb9.bam	osdc-icgc	2016-06-09T23:13:29Z	2015-06-04T22:18:16Z	unaligned	icgc_pancancer	AOCS-167	AOCS-167-29-7-MD	AOCS-167-4		
c54a3568-f14d-453c-bc34-9b0b0644182d	https://gtrepo-osdc-icgc.annailabs.com/cghub/metadata/analysisFull/36f75626-fac4-11e4-9375-97fb8510ec56	36f75626-fac4-11e4-9375-97fb8510ec56	OV-AU	Metastatic tumour - metastasis to distant location	1	bam	a54b0c9ea63e462741a02930f6eb638e	24699f65-5bf2-4ffe-8421-57562915fdd5.bam	osdc-icgc	2016-06-09T23:13:29Z	2015-06-04T22:21:21Z	unaligned	icgc_pancancer	AOCS-167	AOCS-167-29-7-MD	AOCS-167-4		
c54a3568-f14d-453c-bc34-9b0b0644182d	https://gtrepo-osdc-icgc.annailabs.com/cghub/metadata/analysisFull/36f78ca4-fac4-11e4-a3be-f1f6eeb05b15	36f78ca4-fac4-11e4-a3be-f1f6eeb05b15	OV-AU	Metastatic tumour - metastasis to distant location	1	bam	a763a2f7bfb07b34cd1a363bdeeb1aff	36fd0f20-3ef2-4ee4-9923-4543bd81005f.bam	osdc-icgc	2016-06-09T23:13:29Z	2015-06-04T22:23:17Z	unaligned	icgc_pancancer	AOCS-167	AOCS-167-29-7-MD	AOCS-167-4		
dde84079-d7ea-4e61-8563-9f38488bb38b	https://gtrepo-ebi.annailabs.com/cghub/metadata/analysisFull/eec7922e-10ca-4a56-b9f5-be95b3d6b209	eec7922e-10ca-4a56-b9f5-be95b3d6b209	OV-AU	Metastatic tumour - metastasis to distant location	1	bam	5edac623e919ad3de716f953df286225	PCAWG.14bbcac8-fb5b-11e4-a471-ebf5886221f2.STAR.v1.bam	ebi	2016-06-09T21:42:49Z	2015-09-11T23:36:01Z	GRCh37	icgc_pancancer	AOCS-139	AOCS-139-24-9WT	AOCS-139-17	RNA-Seq_Alignment_SOP_STAR	v1
dde84079-d7ea-4e61-8563-9f38488bb38b	https://gtrepo-ebi.annailabs.com/cghub/metadata/analysisFull/12584628-6e19-4676-9343-728e4e88424f	12584628-6e19-4676-9343-728e4e88424f	OV-AU	Metastatic tumour - metastasis to distant location	1	bam	60bc0b010acc5d45064ef75261c2703e	PCAWG.14bc0074-fb5b-11e4-8206-a8af361edace.TopHat2.v1.bam	ebi	2016-06-09T21:42:49Z	2015-08-15T09:37:34Z	GRCh37	icgc_pancancer	AOCS-139	AOCS-139-24-9WT	AOCS-139-17	Workflow_Bundle_TOPHAT2	0.1
dde84079-d7ea-4e61-8563-9f38488bb38b	https://gtrepo-osdc-icgc.annailabs.com/cghub/metadata/analysisFull/12584628-6e19-4676-9343-728e4e88424f	12584628-6e19-4676-9343-728e4e88424f	OV-AU	Metastatic tumour - metastasis to distant location	1	bam	60bc0b010acc5d45064ef75261c2703e	PCAWG.14bc0074-fb5b-11e4-8206-a8af361edace.TopHat2.v1.bam	osdc-icgc	2016-06-09T23:20:14Z	2015-07-29T05:16:21Z	GRCh37	icgc_pancancer	AOCS-139	AOCS-139-24-9WT	AOCS-139-17	Workflow_Bundle_TOPHAT2	0.1
dde84079-d7ea-4e61-8563-9f38488bb38b	https://gtrepo-ebi.annailabs.com/cghub/metadata/analysisFull/d381547f-0218-4f35-8bee-91667ef412ad	d381547f-0218-4f35-8bee-91667ef412ad	OV-AU	Metastatic tumour - metastasis to distant location	1	bam	82832162ee9ed8e2f8154bcf7f50dcfe	PCAWG.14bbcac8-fb5b-11e4-a471-ebf5886221f2.TopHat2.v1.bam	ebi	2016-06-09T21:42:49Z	2015-08-21T00:15:23Z	GRCh37	icgc_pancancer	AOCS-139	AOCS-139-24-9WT	AOCS-139-17	Workflow_Bundle_TOPHAT2	0.1
dde84079-d7ea-4e61-8563-9f38488bb38b	https://gtrepo-osdc-icgc.annailabs.com/cghub/metadata/analysisFull/d381547f-0218-4f35-8bee-91667ef412ad	d381547f-0218-4f35-8bee-91667ef412ad	OV-AU	Metastatic tumour - metastasis to distant location	1	bam	82832162ee9ed8e2f8154bcf7f50dcfe	PCAWG.14bbcac8-fb5b-11e4-a471-ebf5886221f2.TopHat2.v1.bam	osdc-icgc	2016-06-09T23:20:33Z	2015-07-29T05:16:24Z	GRCh37	icgc_pancancer	AOCS-139	AOCS-139-24-9WT	AOCS-139-17	Workflow_Bundle_TOPHAT2	0.1
dde84079-d7ea-4e61-8563-9f38488bb38b	https://gtrepo-ebi.annailabs.com/cghub/metadata/analysisFull/a3601381-440c-4658-a52d-f1bbf4d41b57	a3601381-440c-4658-a52d-f1bbf4d41b57	OV-AU	Metastatic tumour - metastasis to distant location	1	bam	cbd251b2dedc640e6b3ee19f3a1d971d	PCAWG.14bc365c-fb5b-11e4-b2ea-8a37afffb9fa.STAR.v1.bam	ebi	2016-06-09T21:42:49Z	2015-09-12T13:28:03Z	GRCh37	icgc_pancancer	AOCS-139	AOCS-139-24-9WT	AOCS-139-17	RNA-Seq_Alignment_SOP_STAR	v1
dde84079-d7ea-4e61-8563-9f38488bb38b	https://gtrepo-ebi.annailabs.com/cghub/metadata/analysisFull/6b9c70c5-20e9-42c8-ad13-64ba96501702	6b9c70c5-20e9-42c8-ad13-64ba96501702	OV-AU	Metastatic tumour - metastasis to distant location	1	bam	d2d47bb0955a653fb73119a88e3ecb76	PCAWG.14bc365c-fb5b-11e4-b2ea-8a37afffb9fa.TopHat2.v1.bam	ebi	2016-06-09T21:42:49Z	2015-08-12T20:01:01Z	GRCh37	icgc_pancancer	AOCS-139	AOCS-139-24-9WT	AOCS-139-17	Workflow_Bundle_TOPHAT2	0.1
dde84079-d7ea-4e61-8563-9f38488bb38b	https://gtrepo-osdc-icgc.annailabs.com/cghub/metadata/analysisFull/6b9c70c5-20e9-42c8-ad13-64ba96501702	6b9c70c5-20e9-42c8-ad13-64ba96501702	OV-AU	Metastatic tumour - metastasis to distant location	1	bam	d2d47bb0955a653fb73119a88e3ecb76	PCAWG.14bc365c-fb5b-11e4-b2ea-8a37afffb9fa.TopHat2.v1.bam	osdc-icgc	2016-06-09T23:20:14Z	2015-07-29T05:16:23Z	GRCh37	icgc_pancancer	AOCS-139	AOCS-139-24-9WT	AOCS-139-17	Workflow_Bundle_TOPHAT2	0.1
dde84079-d7ea-4e61-8563-9f38488bb38b	https://gtrepo-ebi.annailabs.com/cghub/metadata/analysisFull/e5b83bf2-cd8b-4b5a-99ac-fae2fe9ac626	e5b83bf2-cd8b-4b5a-99ac-fae2fe9ac626	OV-AU	Metastatic tumour - metastasis to distant location	1	bam	e5d42cd12db1f8e25ed167752ab68945	PCAWG.14bb959e-fb5b-11e4-8a86-d597944390d3.STAR.v1.bam	ebi	2016-06-09T21:42:49Z	2015-09-12T07:32:03Z	GRCh37	icgc_pancancer	AOCS-139	AOCS-139-24-9WT	AOCS-139-17	RNA-Seq_Alignment_SOP_STAR	v1
dde84079-d7ea-4e61-8563-9f38488bb38b	https://gtrepo-ebi.annailabs.com/cghub/metadata/analysisFull/4432188e-4d9b-4071-bd46-09a6915f2739	4432188e-4d9b-4071-bd46-09a6915f2739	OV-AU	Metastatic tumour - metastasis to distant location	1	bam	fab9b213829b7c31d78fb8101f28fcc2	PCAWG.14bb959e-fb5b-11e4-8a86-d597944390d3.TopHat2.v1.bam	ebi	2016-06-09T21:42:49Z	2015-08-14T01:11:02Z	GRCh37	icgc_pancancer	AOCS-139	AOCS-139-24-9WT	AOCS-139-17	Workflow_Bundle_TOPHAT2	0.1
dde84079-d7ea-4e61-8563-9f38488bb38b	https://gtrepo-osdc-icgc.annailabs.com/cghub/metadata/analysisFull/4432188e-4d9b-4071-bd46-09a6915f2739	4432188e-4d9b-4071-bd46-09a6915f2739	OV-AU	Metastatic tumour - metastasis to distant location	1	bam	fab9b213829b7c31d78fb8101f28fcc2	PCAWG.14bb959e-fb5b-11e4-8a86-d597944390d3.TopHat2.v1.bam	osdc-icgc	2016-06-09T23:20:14Z	2015-07-29T05:16:20Z	GRCh37	icgc_pancancer	AOCS-139	AOCS-139-24-9WT	AOCS-139-17	Workflow_Bundle_TOPHAT2	0.1
dde84079-d7ea-4e61-8563-9f38488bb38b	https://gtrepo-ebi.annailabs.com/cghub/metadata/analysisFull/4f452e68-09e9-4ca8-ab48-d070fb1d3fc0	4f452e68-09e9-4ca8-ab48-d070fb1d3fc0	OV-AU	Metastatic tumour - metastasis to distant location	1	bam	feeb9326115ff7837b3edc84b8efabfe	PCAWG.14bc0074-fb5b-11e4-8206-a8af361edace.STAR.v1.bam	ebi	2016-06-09T21:42:51Z	2015-09-12T09:34:02Z	GRCh37	icgc_pancancer	AOCS-139	AOCS-139-24-9WT	AOCS-139-17	RNA-Seq_Alignment_SOP_STAR	v1
dde84079-d7ea-4e61-8563-9f38488bb38b	https://gtrepo-osdc-icgc.annailabs.com/cghub/metadata/analysisFull/14bc0074-fb5b-11e4-8206-a8af361edace	14bc0074-fb5b-11e4-8206-a8af361edace	OV-AU	Metastatic tumour - metastasis to distant location	1	bam	0ef13cf03f8a7386a2f02bc32abc52d8	73606d23-ea26-45e7-9c8c-b6d7304cd6db.bam	osdc-icgc	2016-06-09T23:20:14Z	2015-05-29T22:12:58Z	unaligned	icgc_pancancer	AOCS-139	AOCS-139-24-9WT	AOCS-139-17		
dde84079-d7ea-4e61-8563-9f38488bb38b	https://gtrepo-osdc-icgc.annailabs.com/cghub/metadata/analysisFull/14bc365c-fb5b-11e4-b2ea-8a37afffb9fa	14bc365c-fb5b-11e4-b2ea-8a37afffb9fa	OV-AU	Metastatic tumour - metastasis to distant location	1	bam	2d0d976e828983b1af28b28b43424224	c94672e8-6867-4cc0-b8ec-28bc85273d3a.bam	osdc-icgc	2016-06-09T23:20:14Z	2015-05-29T22:15:00Z	unaligned	icgc_pancancer	AOCS-139	AOCS-139-24-9WT	AOCS-139-17		
dde84079-d7ea-4e61-8563-9f38488bb38b	https://gtrepo-osdc-icgc.annailabs.com/cghub/metadata/analysisFull/14bbcac8-fb5b-11e4-a471-ebf5886221f2	14bbcac8-fb5b-11e4-a471-ebf5886221f2	OV-AU	Metastatic tumour - metastasis to distant location	1	bam	41ebc179686a7d513584c0fb9482a8dc	6e494dde-b828-4f5d-97fa-7437749c70c5.bam	osdc-icgc	2016-06-09T23:20:14Z	2015-05-29T22:11:01Z	unaligned	icgc_pancancer	AOCS-139	AOCS-139-24-9WT	AOCS-139-17		
dde84079-d7ea-4e61-8563-9f38488bb38b	https://gtrepo-osdc-icgc.annailabs.com/cghub/metadata/analysisFull/14bb959e-fb5b-11e4-8a86-d597944390d3	14bb959e-fb5b-11e4-8a86-d597944390d3	OV-AU	Metastatic tumour - metastasis to distant location	1	bam	a206f43814756d8e7f9d7fd979bd0486	2f09c0a4-6b38-4a09-bbcf-59cb2f6d34a6.bam	osdc-icgc	2016-06-09T23:20:14Z	2015-05-29T22:08:59Z	unaligned	icgc_pancancer	AOCS-139	AOCS-139-24-9WT	AOCS-139-17		
4b398b99-8916-440b-9ed5-9ed67db19b9b	https://cghub.ucsc.edu/cghub/metadata/analysisFull/1a25f8ee-8652-46f5-b69b-c808b6769fe1	1a25f8ee-8652-46f5-b69b-c808b6769fe1	UCEC-US	Primary tumour - solid tissue	1	bam	1aca783a6ad69c42305781c89c956885	PCAWG.27629399-18f2-421c-b0b0-f0201d542189.STAR.v1.bam	cghub	2015-04-18T22:55:06Z	2015-02-14T11:38:51Z	GRCh37	PCAWG 2.0	8d9e4917-334b-4c76-aee1-1e22be772db0	4b398b99-8916-440b-9ed5-9ed67db19b9b	d777e49b-cb47-44f3-ad42-4d23af7e296c	RNA-Seq_Alignment_SOP_STAR	v1
4b398b99-8916-440b-9ed5-9ed67db19b9b	https://cghub.ucsc.edu/cghub/metadata/analysisFull/a6aa1998-5d03-4c5d-a377-e32b4f135817	a6aa1998-5d03-4c5d-a377-e32b4f135817	UCEC-US	Primary tumour - solid tissue	1	bam	2317b967906d88d3ae8d459bd1bea95a	PCAWG.27629399-18f2-421c-b0b0-f0201d542189.TopHat2.v1.bam	cghub	2015-04-18T23:15:11Z	2015-02-18T05:34:23Z	GRCh37	PCAWG 2.0	8d9e4917-334b-4c76-aee1-1e22be772db0	4b398b99-8916-440b-9ed5-9ed67db19b9b	d777e49b-cb47-44f3-ad42-4d23af7e296c	Workflow_Bundle_TOPHAT2	0.1
ac44efb2-7079-49a7-8bc6-285ae009ad89	https://cghub.ucsc.edu/cghub/metadata/analysisFull/a8a27aa0-be8c-4edc-8bc3-b223ea6f1635	a8a27aa0-be8c-4edc-8bc3-b223ea6f1635	UCEC-US	Primary tumour - solid tissue	1	bam	690912c5151994b8fa0e723636a0feb0	PCAWG.955fee25-8fa0-4871-90c6-6e4c16f421e4.TopHat2.v1.bam	cghub	2015-04-18T23:15:23Z	2015-02-17T08:37:21Z	GRCh37	PCAWG 2.0	2b865f8c-539f-4cb2-8f08-41709e9511e5	ac44efb2-7079-49a7-8bc6-285ae009ad89	ed22cb10-ebde-4019-9b6d-e19ab573ca94	Workflow_Bundle_TOPHAT2	0.1
ac44efb2-7079-49a7-8bc6-285ae009ad89	https://cghub.ucsc.edu/cghub/metadata/analysisFull/ff81f1db-993b-4eea-96a5-9ebcc58a0d17	ff81f1db-993b-4eea-96a5-9ebcc58a0d17	UCEC-US	Primary tumour - solid tissue	1	bam	ae08307fbfbf7fbb9216090e954f0ab5	PCAWG.955fee25-8fa0-4871-90c6-6e4c16f421e4.STAR.v1.bam	cghub	2015-04-18T23:27:18Z	2015-02-14T16:28:39Z	GRCh37	PCAWG 2.0	2b865f8c-539f-4cb2-8f08-41709e9511e5	ac44efb2-7079-49a7-8bc6-285ae009ad89	ed22cb10-ebde-4019-9b6d-e19ab573ca94	RNA-Seq_Alignment_SOP_STAR	v1
